<?xml version="1.0" encoding="UTF-8"?>
<LightningComponentBundle xmlns="http://soap.sforce.com/2006/04/metadata">
    <apiVersion>51.0</apiVersion>
    <isExposed>true</isExposed>
    <masterLabel>PDF Viewer</masterLabel>
    <targets>
        <target>lightning__AppPage</target>
        <target>lightning__HomePage</target>
        <target>lightning__RecordPage</target>
    </targets>

    <targetConfigs>
        <targetConfig targets="lightning__AppPage, lightning__HomePage, lightning__RecordPage">
            <property label="PDF File ID" name="fileId" type="String" placeholder="Content Document ID of the PDF doc" />
            <property label="height" name="height" type="Integer" default="800" />
        </targetConfig>
    </targetConfigs>



</LightningComponentBundle>